score,word
119,rt
71,kickstarter
66,clonsters
52,for
47,out
34,check
32,you
31,this
31,allages
28,patshand
25,in
25,our
24,comic
23,i
21,shand
20,new
20,we
19,book
19,amy
19,adventure
17,your
17,with
17,amp
16,my
16,pat
15,from
14,thanks
14,us
14,were
14,graphic
14,novel
13,give
13,kids
12,support
12,get
12,about
11,up
11,all
10,some
10,hey
10,backed
10,game
10,multivarious
9,wallet
9,love
9,project
9,too
9,sheaserrano
9,bedtime
9,better
9,back
8,have
8,help
8,making
8,im
8,trying
8,vanessa
8,cardinali
7,link
7,httpst
7,reading
7,their
7,granfors
6,cool
6,apex
6,now
6,think
6,one
6,news
6,friends
6,httpstcofxwejgi7ud
6,material
6,ericaschultz42
6,no
6,httpstco
6,ages
5,themstrmnd
5,good
5,little
5,make
5,piece
5,goal
5,hours
5,press
5,live
5,page
5,basketball
5,thank
5,there
5,fun
5,time
5,please
5,art
5,gyrating
5,hamsters
4,great
4,ht
4,should
4,astroprint3d
4,astrobox
4,way
4,touch
4,3
4,before
4,httpstcohgz69ipknd
4,come
4,childrens
4,here
4,did
4,sure
4,parents
4,much
4,write
4,people
4,every
4,doesnt
4,could
4,will
4,continuityent
4,me
4,https
4,epanel
4,comicfrontline
4,has
4,meets
4,free
4,mercy
3,already
3,10
3,20
3,next
3,3dprinting
3,raspberrypi
3,guys
3,first
3,print
3,whats
3,best
3,release
3,story
3,funded
3,awesome
3,interview
3,b
3,wrote
3,really
3,big
3,sharing
3,heres
3,made
3,dont
3,alphabet
3,basketballloving
3,even
3,lavar
3,ball
3,he
3,than
3,moms
3,dads
3,marcelluswiley
3,word
3,only
3,left
3,campaign
3,looks
3,author
3,creator
3,fans
3,spotlight
3,tonight
3,amyshand
3,930
3,pm
3,currently
3,bleedingcool
3,aaahh
3,real
3,monsters
3,went
3,message
3,secret
3,code
3,fantasy
3,nnhttpstcobtsdvdqopr
3,comics
3,youre
3,loud
3,u2
3,going
3,lets
3,games
3,review
3,gyratinghamster
2,rfidproof
2,via
2,latest
2,tchrisburns
2,over
2,wed
2,chat
2,slim
2,life
2,survcotactical
2,t
2,chuckhellebuyck
2,nice
2,got
2,find
2,website
2,likely
2,relevant
2,tinkercad
2,very
2,sent
2,wanna
2,morning
2,might
2,runs
2,see
2,launch
2,baller
2,dude
2,needs
2,wrldsoccershop
2,scores
2,todays
2,ucl
2,semifinal
2,well
2,away
2,pair
2,nike
2,cleats
2,kpelton
2,need
2,halftime
2,ballers
2,weartesters
2,they
2,helped
2,trenches
2,yo
2,hate
2,nightwing2303
2,jam
2,mshipley24
2,letter
2,helping
2,parent
2,httpstco2o1qks5qko
2,learn
2,players
2,right
2,dad
2,add
2,appreciate
2,featuring
2,mailman
2,shooting
2,shot
2,chance
2,lovable
2,youll
2,order
2,go
2,firstlegacycmx
2,reach
2,meet
2,hope
2,russellnohelty
2,wannabepress
2,why
2,success
2,michaeljnimmo
2,aiptcomics
2,bring
2,questions
2,et
2,super
2,w
2,tuesday
2,night
2,httpstcoirbjis4iyg
2,htt
2,geekcastradio
2,fantastic
2,attention
2,world
2,aw
2,yeahnnkickstarter
2,selected
2,larryewattsart
2,certainly
2,launches
2,indiecomics
2,adventuretime
2,ahhrealmonsters
2,http
2,beautiful
2,today
2,friend
2,bleeding
2,article
2,destiny
2,nys
2,manuel
2,preitanonnfundclonsters
2,jonathan
2,hot
2,film
2,dreaming
2,dreamoutloud
2,australia
2,join
2,top
2,below
2,board
2,tabletop
2,etboardgames
2,hear
2,in2thereview
2,prints
2,brawler
2,httpstcotvg4twl2js
2,gamejolt
2,mithicalent
2,demo
2,nomercy
2,party
1,webstrands
1,httpstco3ab904c4hx
1,httpstco7eomjlobus
1,intengineering
1,engineers
1,httpstconexbypvs4n
1,mikechale
1,looking
1,forward
1,getting
1,httpstco8vomkaizen
1,httpstcouc26zacppw
1,saedelaere
1,crowdfunding
1,httpstcoblyd7f4qsz
1,httpstconpc8huligz
1,garrickwest
1,promoting
1,version
1,httpstcow3s4aqjlv4
1,wirejunky
1,available
1,preorder
1,httpstcoerdgyxvyzh
1,just1moretry
1,update
1,httpstcoowrzvr8xzz
1,presenting
1,dropped
1,sweet
1,tip
1,slashgear
1,consideration
1,httpstcowilmwujwci
1,danieltpearson
1,do
1,would
1,fit
1,highsnobiety
1,thoughts
1,httpstcoq6eln53f42
1,thegadgetflow
1,httpstcorjyfoq4sce
1,modern
1,features
1,improve
1,lif
1,zerofuckscoin
1,picked
1,badass
1,httpstcougccqqng5o
1,volfan1983xxx
1,gifts
1,touchofmodern
1,always
1,been
1,fan
1,fabbaloo
1,honor
1,covered
1,general
1,himself
1,codanny
1,software
1,missing
1,tech
1,adoption
1,rescue
1,httpstco5irhqikqgz
1,thejatmn
1,racetoh2
1,wrapup
1,seemecnc
1,filamentone
1,httpstcoqxrrt2iaid
1,allaboutcode
1,ryanteck
1,mruktechreviews
1,pitutor
1,imakrstore
1,seen
1,kickst
1,httpstcoafgcfygzdc
1,burningems
1,tevo
1,monster
1,delta
1,program
1,finally
1,building
1,wa
1,3dprintpulse
1,couldnt
1,contact
1,cgartenberg
1,chaim
1,ahold
1,readersbeat
1,chris
1,hold
1,readers
1,beat
1,thingiverse
1,shapeways
1,question
1,indeed
1,integrate
1,smashes
1,funding
1,httpstcod6adtauft6
1,all3dp
1,3dersorg
1,125
1,wireless
1,3d
1,printer
1,touchscreen
1,crushes
1,httpstcoaxrqsopmkt
1,johnbiggs
1,john
1,early
1,raised
1,funds
1,jump
1,hit
1,100k
1,afro3dp
1,also
1,joining
1,instagram
1,iamhunterme
1,lol
1,followersaudience
1,interested
1,raspberry
1,pi
1,mcwm
1,fyi
1,ju
1,httpstconnhgha6clk
1,myminifactory
1,launched
1,httpstco78ssrwujkh
1,noahpbperkins
1,popgatesmedia
1,httpstco3s04wngogd
1,happy
1,vato
1,try
1,anyone
1,shit
1,win
1,whenever
1,httpstcosfvtzbeppk
1,mbappe
1,higuain
1,hypervenom
1,ronaldo
1,cr7
1,chapter
1,4
1,follow
1,u
1,everyone
1,buy
1,peltonmailbag
1,bballref
1,reference
1,nhttpstcohgz69ipknd
1,season
1,especially
1,putting
1,bed
1,brnba
1,educate
1,generation
1,httpstcoskjzlohmwx
1,billsimmons
1,cant
1,knowing
1,larry
1,legend
1,httpstcoxtskc6qsna
1,soccerisart
1,thompsonscribe
1,never
1,enough
1,bball
1,books
1,danleydon
1,shea
1,serrano
1,retweet
1,mrjakeparker
1,used
1,youtube
1,videos
1,bunch
1,set
1,far
1,thanksnhttpstcohgz69ipknd
1,coach
1,pop
1,sneak
1,peak
1,httpstco34rakjqt1e
1,jameslittlejuan
1,httpstcof
1,httpstcokqsjhu5qqb
1,illustrated
1,using
1,stars
1,httpstco8d9rbrccrw
1,hits
1,httpstcobgvalzw6yp
1,dedicating
1,goat
1,many
1,httpstcocwufliiczr
1,rachelbrady
1,sportsloving
1,httpstcoj3s8b7p4ws
1,dawkinsmta
1,teach
1,history
1,httpstco9vcjsak9k3
1,byjordanowen
1,httpstcovv0bziuziy
1,lakersnation
1,httpstco1mih9pavq0
1,readpadre
1,nba
1,abcs
1,take
1,details
1,blog
1,shipleyillustrati
1,dadsroundtable
1,essential
1,httpstcoou9i0nqqgc
1,dadatworknj
1,httpstcoxfjxnlhsom
1,markjonesespn
1,mark
1,infinitely
1,httpstcoczllu4exsv
1,lakersreporter
1,laireland
1,httpstcotehswtdb4x
1,lisachavarria
1,httpstcoi7fvqdoqe8
1,treykerby
1,shelf
1,httpstcoxv0onqwjsm
1,jaimemaggio
1,httpstcokljwjnbjez
1,tamarajolee
1,httpstcoytytzlwmcm
1,spread
1,sagesteele
1,httpstcoixc9t2z0uc
1,httpstco2vhxu0t7fw
1,mavsfansforlife
1,abc
1,e
1,httpstcorezwaivdbe
1,traciesnowder
1,httpstcob7evbt2p34
1,summerson
1,another
1,alley
1,cameron
1,httpstcoju3vioooym
1,jmoney3334
1,httpstcoiirv8kxesp
1,msullivanfrench
1,httpstcotubjxw8wwk
1,zdog223
1,zdog
1,gotta
1,song
1,httpstcomnncaqrvyz
1,httpstcov9n2gpvlba
1,s
1,bday
1,celebrate
1,backing
1,httpstco49l32lqhr1
1,gwenckatz
1,last
1,starring
1,monstersnnhttpstcoct
1,cats
1,httpstco49l32m7tfb
1,cafterconn
1,congratulations
1,meeting
1,isnt
1,end
1,110
1,120200
1,creatorsunite
1,cmon
1,folks
1,92
1,48
1,justkickstart
1,doubt
1,usd
1,949
1,collect
1,httpstcoafzxor6kc5
1,artiststan
1,nicest
1,creators
1,ever
1,pros
1,pro
1,waves
1,pats
1,clonst
1,backerbroz
1,bakkoosocial
1,blastoffcomics
1,blastoffs
1,wonder
1,woman
1,1968
1,dismay
1,disbeliefnhttpstcoaru
1,outrightgeekery
1,down
1,thewire
1,httpstco6zehhk80m1
1,httpstcodgusdnk4a2
1,writes
1,novels
1,year
1,httpstcocasl0pa8bg
1,httpstco0akgl20i6x
1,networking
1,important
1,writing
1,httpstcohfhkita5mg
1,kevincuffe
1,httpstcovnkp4fzkaw
1,artist
1,nnpledge
1,kickstarternhttpst
1,shouldnt
1,afraid
1,httpstcop2xizdjzsk
1,proudly
1,httpstcofap63bawma
1,fund
1,friday
1,httpstcogm1jmfhr3d
1,httpstcoxgdw638d17
1,spartantown
1,final
1,daysnkickstarter
1,shandvanessa
1,plotting
1,zenescope
1,career
1,httpstcoteuvnzcqiz
1,httpstcoplpdemtzdb
1,8pm
1,est
1,guest
1,michaeldolces
1,secrets
1,sire
1,podcast
1,info
1,httpstcoz5djdd7h34
1,hoytsilva
1,httpstco6q94vfcljd
1,alert
1,taking
1,clay
1,inspirations
1,httpstcomadstqmqxq
1,doing
1,frontline
1,930pm
1,stay
1,tuned
1,social
1,media
1,httpstcoxqagfrnl6b
1,frontlinelive
1,depth
1,herennfundclonstersnnhttpstcop2mcky7oca
1,miss
1,httpstcoj
1,crodent5
1,httpstcopvz26bblx2
1,dirkmanning
1,running
1,stjepansejic
1,signal
1,boost
1,campbellletters
1,httpstcourztnbkowh
1,httpstcoiqw0cfinue
1,thenerdonline
1,httpstconflftxr8ad
1,httpstcouhfumlchtw
1,tvmoviesnews
1,httpstcocys7pnsi0n
1,tvshowme
1,httpstcod50ou7
1,read
1,printnnhttpstco6hi5bxne76
1,crowdfundpromo
1,kickstarterfans
1,bestofkickstart
1,vikingfist
1,ooo
1,offering
1,commission
1,alberrod
1,reward
1,theramf
1,amazing
1,songbirdddd
1,nthis
1,tribute
1,ive
1,donne
1,independentcomics
1,5807
1,more
1,publishednnhttpstcolzhhxhezj2
1,ericajheflin
1,httpstcoxgalnnoxtv
1,marclombardi
1,wanted
1,sweetlooking
1,nhttps
1,geekoramadotnet
1,kickstarterindiegogo
1,httpstcopu7yl6qdir
1,his
1,clonstersnhttpstcodzijx31wzq
1,sfsignal
1,whimsical
1,httpstco9pgoalewch
1,chucksuffel
1,brand
1,httpstcoetdijksitd
1,ogn
1,httpstcoklscbcaepv
1,httpstcos50k2ywatq
1,patshandbring
1,httpstcodzijx31wzq
1,comiccrusaders
1,kickstarteralert
1,tensider
1,travis
1,maybe
1,shell
1,family
1,pets
1,sequel
1,httpstcorvwixnwxnk
1,majorspoilers
1,httpstcov0k6ksqybe
1,httpstcoyxxugdbpi2
1,hankrea
1,ericthepullbox
1,httpstcogwaxpnuciq
1,clonstersrock
1,fandompost
1,httpstco3ddpe2hjka
1,httpstcoq
1,charmedcomicfan
1,contribute
1,shands
1,httpstcoxoizoi9su5
1,msmarvel34
1,head
1,httpstco68cy3ydb00
1,phoenixdpublish
1,httpstcoli6qpecaxh
1,jvgray
1,httpstcodljn6zuixs
1,jamesferguson
1,httpstcobcd8igbwtw
1,hunterblackcomx
1,httpstcolodixdc8r7
1,mrarchigan
1,httpstcoqfpo6ibmzr
1,bengrisanti
1,httpstcoc2dco0rmlq
1,clonstersnhttpstcozbr8nee0ro
1,adamwallenta
1,httpstcokugvfga4fn
1,looked
1,favorite
1,ton
1,myowntigereyes
1,collaborated
1,comicbuzz
1,kickstarternhttpstcov0nggt67ynnpatshand
1,comicbooks
1,fellowshipgeeks
1,httpstco80eiwiflly
1,kickstarternnpledge
1,monstersnnhtt
1,tredwards2
1,httpstcoyosajnoeol
1,tfg1mike
1,nnhttpstcotaoj1nlx9g
1,httpstcopjul5wwwnf
1,troybrownfield
1,imminentpressterminalcomics
1,backers
1,kill
1,inclined
1,pa
1,marvellous
1,rehearsal
1,magazine
1,chatting
1,2017
1,series
1,want
1,shout
1,wayne
1,u2station
1,posting
1,together
1,each
1,usnhttpu2stationcomnews201702u2fanslaunchkickstartercampaigntomakefanfilmdreamoutloudphp
1,philip
1,chambers
1,tour
1,group
1,creating
1,dream
1,wwwu2ftcom
1,5
1,days
1,till
1,day
1,u2fans
1,able
1,jumping
1,challenge
1,them
1,happen
1,tell
1,february
1,12
1,wwwdreamoutloudfilmcom
1,httpwwwatu2blogcomdreamloudfilmhopestellu2fanstories50760utmsourcefeedburnerutmmediumfeedutmcampaignfeed3aatu2blog2840u2blogu2newsanddiscussion29nndreamoutloudfilm
1,u2fanfilm
1,loving
1,gameositys
1,five
1,supportnnhttpsgameositycom20170609jesssfavfivekickstartersoftheweek6917
1,playtesters
1,reviewers
1,visiting
1,geek
1,listing
1,rating
1,other
1,feel
1,wish
1,listsnnhttpsboardgamegeekcomboardgame225645gyratinghamsters
1,list
1,backfollow
1,share
1,gaming
1,network
1,loves
1,then
1,httpstcogsjdc7z4mh
1,therkraft
1,hunterpence
1,nerd
1,rest
1,any
1,gyratinghamsters
1,2
1,minute
1,video
1,vault
1,httpstcoq7ewyrapkq
1,httpstco3jymf5ykn4
1,httpstcod0qhebsqcw
1,something
1,httpstcou6oswnlvux
1,bgn3rd
1,httpstcorjhigsdkis
1,cost
1,congrats
1,reaching
1,100
1,havent
1,httpstco2259jlxoe4
1,most
1,httpstcowelcf5tty5
1,httpstcoqjpiobjjoa
1,standardsmanuals
1,design
1,studio
1,governed
1,simple
1,aesthetic
1,principle
1,httpstcotnmnvynopk
1,doubledaybooks
1,obviousstates
1,die
1,rewards
1,welcome
1,scoutbooks
1,literary
1,letterpress
1,obviousstate
1,httpstcoouzjx4mzao
1,httpstco5pyyyutddl
1,igdacincinnati
1,close
1,finishing
1,h
1,teamlimestrike
1,reviews
1,off
1,featured
1,team
1,httpstcobjtavon4qp
1,httpstcoov60ezxjzi
1,save
1,forest
1,hacking
1,slashing
1,blasting
1,corrupted
1,creatures
1,infesting
1,httpstco9vk7qdd2t8
1,httpstcofq3f0lqhrz
1,indiedev
1,videogame
1,ytandyplays
1,letsplay
1,indiegame
1,called
1,side
1,scrolling
1,nomercygame
1,egoraptorgamegrumps
1,chilling
1,wendys
1,dublin
1,hang
1,after
1,talk
1,gam
1,httpstcogi1mcpyp2w
1,cbusregion
1,midwests
1,largest
1,gamedev
1,space
1,open
1,sandbox
1,httpstcoaobwql1lig
1,httpstcohwyb6
1,had
1,brawlers
1,unique
1,borispereira7
1,someone
1,say
1,vita
1,thought
1,voting
1,scxcr
1,diving
1,headfirst
1,title
1,mercynnhttpstcoonjfgrb2cl
1,cvolpe
1,kickoff
1,landgrantbeer
1,prizes
1,drinks
1,ablegamers
1,nomercygamenhttpstco9
1,starlightskyes
1,gonna
1,elentori
1,having
1,geekbobbage
1,no4
1,weeknno
1,lorne
1,gamesnhttpstcokr3l87j2ngnmultivarious
1,wow
1,okay
1,grant
1,kirkhope
1,tweeted
1,dead
1,httpstcoen1l0ae9du
